	Unnamed: 0	Unnamed: 1	Unnamed: 2	Sequencing cycle (base number)	Unnamed: 4	Unnamed: 5	Unnamed: 6	Unnamed: 7	Unnamed: 8	Unnamed: 9	Unnamed: 10	Unnamed: 11	Unnamed: 12	Unnamed: 13	Unnamed: 14	Unnamed: 15	Unnamed: 16	Unnamed: 17	Unnamed: 18	Unnamed: 19	Unnamed: 20	Unnamed: 21	Unnamed: 22	Unnamed: 23	Unnamed: 24	Unnamed: 25	Unnamed: 26	Unnamed: 27	Unnamed: 28	Unnamed: 29	Unnamed: 30	Unnamed: 31	Unnamed: 32	Unnamed: 33	Unnamed: 34	Unnamed: 35	Unnamed: 36	Unnamed: 37	Unnamed: 38	Unnamed: 39	Unnamed: 40	Unnamed: 41	Unnamed: 42	Unnamed: 43	Unnamed: 44	Unnamed: 45	Unnamed: 46	Unnamed: 47	Unnamed: 48	Unnamed: 49	Unnamed: 50	Unnamed: 51	Unnamed: 52	Unnamed: 53	Unnamed: 54	Unnamed: 55	Unnamed: 56	Unnamed: 57	Unnamed: 58	Unnamed: 59	Unnamed: 60	Unnamed: 61	Unnamed: 62	Unnamed: 63	Unnamed: 64	Unnamed: 65	Unnamed: 66	Unnamed: 67	Unnamed: 68	Unnamed: 69	Unnamed: 70	Unnamed: 71	Unnamed: 72
0				1	2	3	4	5	6	7	8	9	10	11	12	13	14	15	16	17	18	19	20	21	22	23	24	25	26	27	28	29	30	31	32	33	34	35	36	37	38	39	40	41	42	43	44	45	46	47	48	49	50	51	52	53	54	55	56	57	58	59	60	61	62	63	64	65	66	67	68	69	70
1																																																																									
2		Base		T	G	C	G	G	C	A	G	G	G	G	G	G	G	C	G	C	T	T	T	T	C	C	C	C	T	C	A	C	C	C	T	A	A	C	C	C	T	C	T	C	C	C	C	A	G	A	G	G	G	G	C	G	A	G	G	G	G	A	C	C	G	T	A	T	T	G	T	G	C
3																																																																									
4	Predicted intensity	A		0	0	0	0	0	0	174	0	0	0	0	0	0	0	0	0	0	0	0	0	0	0	0	0	0	0	0	202	0	0	0	0	209	210	0	0	0	0	0	0	0	0	0	0	225	0	227	0	0	0	0	0	0	237	0	0	0	0	243	0	0	0	0	250	0	0	0	0	0	0
5		C		0	0	185	0	0	190	0	0	0	0	0	0	0	0	203	0	206	0	0	0	0	213	214	216	217	0	220	0	223	225	226	0	0	0	232	233	235	0	238	0	241	242	244	245	0	0	0	0	0	0	0	257	0	0	0	0	0	0	0	268	270	0	0	0	0	0	0	0	0	283
6		G		0	198	0	201	203	0	0	207	209	210	212	214	215	217	0	220	0	0	0	0	0	0	0	0	0	0	0	0	0	0	0	0	0	0	0	0	0	0	0	0	0	0	0	0	0	267	0	270	272	273	275	0	278	0	281	283	284	286	0	0	0	292	0	0	0	0	300	0	303	0
7		T		220	0	0	0	0	0	0	0	0	0	0	0	0	0	0	0	0	250	252	254	255	0	0	0	0	264	0	0	0	0	0	275	0	0	0	0	0	285	0	289	0	0	0	0	0	0	0	0	0	0	0	0	0	0	0	0	0	0	0	0	0	0	329	0	333	335	0	338	0	0
8																																																																									
9	Measured intensity	A		-1	-5	-8	-3	-8	-1	164	-2	-6	0	-3	-1	8	-6	-2	-4	-3	-10	-8	-4	-7	-14	-18	-3	-3	-6	9	170	42	-2	1	-4	204	237	52	1	11	-9	-11	-9	-9	-22	-13	-4	184	34	198	46	-1	14	-14	-13	-22	191	37	0	-11	-17	200	34	9	-15	-15	195	39	9	-10	-12	-12	-20
10		C		16	8	180	3	9	177	4	0	-2	-7	5	1	-13	13	172	15	191	19	-2	-11	8	183	213	208	215	69	189	62	195	252	254	62	17	31	204	260	252	80	241	88	216	254	287	286	83	38	28	8	12	-10	3	220	76	9	20	5	6	6	-11	219	273	73	36	27	19	-2	13	25	14	261
11		G		3	176	3	180	173	0	13	203	192	191	196	191	200	192	25	218	18	-5	0	-3	-2	-2	4	5	7	-3	3	1	-1	-9	-6	-6	3	-10	-3	-5	-4	2	12	-6	-1	16	-1	-7	19	219	53	226	255	260	288	88	258	77	238	263	276	276	85	28	7	265	77	17	12	12	239	61	252	61
12		T		146	-5	0	2	3	8	-6	-6	-5	2	-6	-3	-5	-4	-6	-8	4	221	244	253	246	48	15	4	2	181	35	7	-3	3	1	204	38	7	-8	1	4	198	32	197	54	12	-3	-6	-16	-16	-14	-15	-6	-11	-14	-12	-21	-5	-15	-6	-7	-2	-2	-4	8	0	180	52	244	295	85	196	48	4
